===
WP_013644337.1	708731..710093	+	Methanobacterium lacus-GCF_000191585.1	NC_015216.1
WP_013644338.1	710089..710788	+	Methanobacterium lacus-GCF_000191585.1	NC_015216.1
WP_013644339.1	711103..711739	+	Methanobacterium lacus-GCF_000191585.1	NC_015216.1
WP_013644340.1	711758..712142	+	Methanobacterium lacus-GCF_000191585.1	NC_015216.1
WP_013644341.1	712125..712428	+	Methanobacterium lacus-GCF_000191585.1	NC_015216.1
WP_013644342.1	712458..714444	-	Methanobacterium lacus-GCF_000191585.1	NC_015216.1
WP_013644343.1	714508..714814	+	Methanobacterium lacus-GCF_000191585.1	NC_015216.1
WP_013644344.1	714975..716799	-	Methanobacterium lacus-GCF_000191585.1	NC_015216.1
WP_013644345.1	717225..717567	+	Methanobacterium lacus-GCF_000191585.1	NC_015216.1
WP_013644346.1	717609..718158	+	Methanobacterium lacus-GCF_000191585.1	NC_015216.1
WP_013644347.1	718126..718936	+	Methanobacterium lacus-GCF_000191585.1	NC_015216.1
WP_013644348.1	718970..719564	-	Methanobacterium lacus-GCF_000191585.1	NC_015216.1
WP_013644349.1	719950..720817	+	Methanobacterium lacus-GCF_000191585.1	NC_015216.1
WP_013644350.1	720894..721371	+	Methanobacterium lacus-GCF_000191585.1	NC_015216.1
WP_013644351.1	721367..722756	-	Methanobacterium lacus-GCF_000191585.1	NC_015216.1
WP_013644352.1	723448..724663	+	Methanobacterium lacus-GCF_000191585.1	NC_015216.1
WP_013644353.1	724962..725496	-	Methanobacterium lacus-GCF_000191585.1	NC_015216.1
WP_013644354.1	725806..726502	+	Methanobacterium lacus-GCF_000191585.1	NC_015216.1
WP_013644355.1	726503..726824	+	Methanobacterium lacus-GCF_000191585.1	NC_015216.1
WP_013644356.1	726849..727638	+	Methanobacterium lacus-GCF_000191585.1	NC_015216.1
WP_013644357.1	728039..728633	+	Methanobacterium lacus-GCF_000191585.1	NC_015216.1
WP_013644358.1	728644..729043	+	Methanobacterium lacus-GCF_000191585.1	NC_015216.1
WP_013644359.1	729210..732126	+	Methanobacterium lacus-GCF_000191585.1	NC_015216.1
===
WP_013825920.1	1526093..1526849	+	Methanobacterium paludis-GCF_000214725.1	NC_015574.1
WP_013825921.1	1527015..1527132	+	Methanobacterium paludis-GCF_000214725.1	NC_015574.1
WP_013825922.1	1527204..1527612	+	Methanobacterium paludis-GCF_000214725.1	NC_015574.1
WP_013825923.1	1527926..1528274	-	Methanobacterium paludis-GCF_000214725.1	NC_015574.1
WP_013825924.1	1528859..1529774	-	Methanobacterium paludis-GCF_000214725.1	NC_015574.1
WP_013825925.1	1529770..1530721	-	Methanobacterium paludis-GCF_000214725.1	NC_015574.1
WP_013825926.1	1536731..1536995	-	Methanobacterium paludis-GCF_000214725.1	NC_015574.1
WP_048188005.1	1537000..1537945	-	Methanobacterium paludis-GCF_000214725.1	NC_015574.1
WP_048188364.1	1538060..1538582	-	Methanobacterium paludis-GCF_000214725.1	NC_015574.1
WP_013825929.1	1538607..1539333	-	Methanobacterium paludis-GCF_000214725.1	NC_015574.1
WP_013825930.1	1539392..1541603	-	Methanobacterium paludis-GCF_000214725.1	NC_015574.1
WP_013825931.1	1541612..1542230	-	Methanobacterium paludis-GCF_000214725.1	NC_015574.1
WP_013825932.1	1542226..1543225	-	Methanobacterium paludis-GCF_000214725.1	NC_015574.1
WP_013825933.1	1543225..1544599	-	Methanobacterium paludis-GCF_000214725.1	NC_015574.1
WP_013825934.1	1545276..1546743	-	Methanobacterium paludis-GCF_000214725.1	NC_015574.1
WP_052296851.1	1546885..1547275	+	Methanobacterium paludis-GCF_000214725.1	NC_015574.1
WP_013825936.1	1547556..1548792	-	Methanobacterium paludis-GCF_000214725.1	NC_015574.1
WP_013825937.1	1549070..1550777	-	Methanobacterium paludis-GCF_000214725.1	NC_015574.1
WP_013825938.1	1551299..1552286	-	Methanobacterium paludis-GCF_000214725.1	NC_015574.1
WP_013825939.1	1552375..1553728	-	Methanobacterium paludis-GCF_000214725.1	NC_015574.1
WP_013825940.1	1553724..1554780	-	Methanobacterium paludis-GCF_000214725.1	NC_015574.1
===
WP_013825998.1	1598580..1599354	-	Methanobacterium paludis-GCF_000214725.1	NC_015574.1
WP_013825999.1	1599671..1600043	+	Methanobacterium paludis-GCF_000214725.1	NC_015574.1
WP_048188019.1	1600043..1600484	+	Methanobacterium paludis-GCF_000214725.1	NC_015574.1
WP_013825999.1	1600557..1600929	+	Methanobacterium paludis-GCF_000214725.1	NC_015574.1
WP_048188021.1	1600929..1601370	+	Methanobacterium paludis-GCF_000214725.1	NC_015574.1
WP_013826002.1	1601441..1601951	+	Methanobacterium paludis-GCF_000214725.1	NC_015574.1
WP_161597493.1	1601970..1602357	+	Methanobacterium paludis-GCF_000214725.1	NC_015574.1
WP_013826004.1	1602376..1602757	+	Methanobacterium paludis-GCF_000214725.1	NC_015574.1
WP_013826005.1	1603079..1603556	-	Methanobacterium paludis-GCF_000214725.1	NC_015574.1
WP_013826006.1	1603840..1604104	+	Methanobacterium paludis-GCF_000214725.1	NC_015574.1
WP_013826007.1	1604057..1604360	+	Methanobacterium paludis-GCF_000214725.1	NC_015574.1
WP_013826008.1	1604776..1605328	+	Methanobacterium paludis-GCF_000214725.1	NC_015574.1
WP_013826009.1	1605388..1605544	-	Methanobacterium paludis-GCF_000214725.1	NC_015574.1
WP_013826010.1	1605622..1606138	-	Methanobacterium paludis-GCF_000214725.1	NC_015574.1
WP_013826011.1	1606584..1607439	-	Methanobacterium paludis-GCF_000214725.1	NC_015574.1
WP_013826012.1	1607974..1608568	+	Methanobacterium paludis-GCF_000214725.1	NC_015574.1
WP_013826013.1	1608965..1610132	-	Methanobacterium paludis-GCF_000214725.1	NC_015574.1
WP_013826014.1	1610070..1610646	-	Methanobacterium paludis-GCF_000214725.1	NC_015574.1
WP_013826015.1	1610939..1612775	+	Methanobacterium paludis-GCF_000214725.1	NC_015574.1
WP_013826016.1	1613066..1613345	-	Methanobacterium paludis-GCF_000214725.1	NC_015574.1
WP_013826017.1	1613409..1615401	+	Methanobacterium paludis-GCF_000214725.1	NC_015574.1
WP_013826018.1	1615541..1615847	-	Methanobacterium paludis-GCF_000214725.1	NC_015574.1
WP_013826019.1	1615830..1616214	-	Methanobacterium paludis-GCF_000214725.1	NC_015574.1
WP_013826020.1	1616233..1616869	-	Methanobacterium paludis-GCF_000214725.1	NC_015574.1
WP_013826021.1	1616883..1617582	-	Methanobacterium paludis-GCF_000214725.1	NC_015574.1
WP_013826022.1	1617578..1619018	-	Methanobacterium paludis-GCF_000214725.1	NC_015574.1
===
WP_013826641.1	2231281..2232097	-	Methanobacterium paludis-GCF_000214725.1	NC_015574.1
WP_013826642.1	2232098..2232665	-	Methanobacterium paludis-GCF_000214725.1	NC_015574.1
WP_013826643.1	2232676..2233378	-	Methanobacterium paludis-GCF_000214725.1	NC_015574.1
WP_013826644.1	2233400..2233880	-	Methanobacterium paludis-GCF_000214725.1	NC_015574.1
WP_013826645.1	2233984..2234569	-	Methanobacterium paludis-GCF_000214725.1	NC_015574.1
WP_013826646.1	2234993..2235371	-	Methanobacterium paludis-GCF_000214725.1	NC_015574.1
WP_013826647.1	2235404..2236427	+	Methanobacterium paludis-GCF_000214725.1	NC_015574.1
WP_013826648.1	2236612..2237896	+	Methanobacterium paludis-GCF_000214725.1	NC_015574.1
WP_013826649.1	2238315..2239479	+	Methanobacterium paludis-GCF_000214725.1	NC_015574.1
WP_013826650.1	2239471..2240164	+	Methanobacterium paludis-GCF_000214725.1	NC_015574.1
WP_227716959.1	2240237..2240600	+	Methanobacterium paludis-GCF_000214725.1	NC_015574.1
WP_013826652.1	2240810..2241098	+	Methanobacterium paludis-GCF_000214725.1	NC_015574.1
WP_013826653.1	2241124..2241421	+	Methanobacterium paludis-GCF_000214725.1	NC_015574.1
WP_048188106.1	2241681..2242494	+	Methanobacterium paludis-GCF_000214725.1	NC_015574.1
WP_013826655.1	2242572..2242896	-	Methanobacterium paludis-GCF_000214725.1	NC_015574.1
WP_013826656.1	2242994..2243507	-	Methanobacterium paludis-GCF_000214725.1	NC_015574.1
WP_013826657.1	2243560..2243749	-	Methanobacterium paludis-GCF_000214725.1	NC_015574.1
WP_013826658.1	2243968..2245459	-	Methanobacterium paludis-GCF_000214725.1	NC_015574.1
WP_013826659.1	2245921..2246203	+	Methanobacterium paludis-GCF_000214725.1	NC_015574.1
WP_013826660.1	2246320..2246977	-	Methanobacterium paludis-GCF_000214725.1	NC_015574.1
WP_013826661.1	2247118..2247616	-	Methanobacterium paludis-GCF_000214725.1	NC_015574.1
WP_013826662.1	2247681..2247825	-	Methanobacterium paludis-GCF_000214725.1	NC_015574.1
WP_227716960.1	2247992..2248613	-	Methanobacterium paludis-GCF_000214725.1	NC_015574.1
WP_013826664.1	2249521..2250109	+	Methanobacterium paludis-GCF_000214725.1	NC_015574.1
WP_013826666.1	2250168..2250663	+	Methanobacterium paludis-GCF_000214725.1	NC_015574.1
WP_013826667.1	2251182..2252559	+	Methanobacterium paludis-GCF_000214725.1	NC_015574.1
===
WP_004030635.1	77596..78658	-	Methanobacterium formicicum DSM 3637 Contig05-GCF_000302455.1	NZ_AMPO01000005.1
WP_004030636.1	78910..80080	-	Methanobacterium formicicum DSM 3637 Contig05-GCF_000302455.1	NZ_AMPO01000005.1
WP_004030637.1	80112..81555	-	Methanobacterium formicicum DSM 3637 Contig05-GCF_000302455.1	NZ_AMPO01000005.1
WP_004030638.1	81643..82837	-	Methanobacterium formicicum DSM 3637 Contig05-GCF_000302455.1	NZ_AMPO01000005.1
WP_237739713.1	84431..85190	+	Methanobacterium formicicum DSM 3637 Contig05-GCF_000302455.1	NZ_AMPO01000005.1
WP_192812703.1	85385..85538	+	Methanobacterium formicicum DSM 3637 Contig05-GCF_000302455.1	NZ_AMPO01000005.1
WP_004030640.1	85912..87283	-	Methanobacterium formicicum DSM 3637 Contig05-GCF_000302455.1	NZ_AMPO01000005.1
WP_237739714.1	87590..88283	+	Methanobacterium formicicum DSM 3637 Contig05-GCF_000302455.1	NZ_AMPO01000005.1
WP_004030642.1	88516..89191	+	Methanobacterium formicicum DSM 3637 Contig05-GCF_000302455.1	NZ_AMPO01000005.1
WP_004030643.1	89400..90591	+	Methanobacterium formicicum DSM 3637 Contig05-GCF_000302455.1	NZ_AMPO01000005.1
WP_004030644.1	90726..90927	-	Methanobacterium formicicum DSM 3637 Contig05-GCF_000302455.1	NZ_AMPO01000005.1
WP_004030645.1	91153..91564	-	Methanobacterium formicicum DSM 3637 Contig05-GCF_000302455.1	NZ_AMPO01000005.1
WP_004030646.1	91762..92098	+	Methanobacterium formicicum DSM 3637 Contig05-GCF_000302455.1	NZ_AMPO01000005.1
WP_004030647.1	92278..92689	+	Methanobacterium formicicum DSM 3637 Contig05-GCF_000302455.1	NZ_AMPO01000005.1
WP_004030648.1	92933..93317	-	Methanobacterium formicicum DSM 3637 Contig05-GCF_000302455.1	NZ_AMPO01000005.1
WP_004030649.1	93316..93970	-	Methanobacterium formicicum DSM 3637 Contig05-GCF_000302455.1	NZ_AMPO01000005.1
WP_004030650.1	94011..95403	-	Methanobacterium formicicum DSM 3637 Contig05-GCF_000302455.1	NZ_AMPO01000005.1
WP_004030651.1	95405..97160	-	Methanobacterium formicicum DSM 3637 Contig05-GCF_000302455.1	NZ_AMPO01000005.1
WP_004030652.1	97156..97474	-	Methanobacterium formicicum DSM 3637 Contig05-GCF_000302455.1	NZ_AMPO01000005.1
WP_004030653.1	97470..98628	-	Methanobacterium formicicum DSM 3637 Contig05-GCF_000302455.1	NZ_AMPO01000005.1
WP_004030654.1	98643..99267	-	Methanobacterium formicicum DSM 3637 Contig05-GCF_000302455.1	NZ_AMPO01000005.1
===
WP_004031767.1	635..899	-	Methanobacterium formicicum DSM 3637 Contig12-GCF_000302455.1	NZ_AMPO01000012.1
WP_004031768.1	904..1870	-	Methanobacterium formicicum DSM 3637 Contig12-GCF_000302455.1	NZ_AMPO01000012.1
WP_004031769.1	2073..2592	-	Methanobacterium formicicum DSM 3637 Contig12-GCF_000302455.1	NZ_AMPO01000012.1
WP_004031770.1	2603..2993	-	Methanobacterium formicicum DSM 3637 Contig12-GCF_000302455.1	NZ_AMPO01000012.1
WP_004031771.1	2989..3220	-	Methanobacterium formicicum DSM 3637 Contig12-GCF_000302455.1	NZ_AMPO01000012.1
WP_004031772.1	3418..5665	-	Methanobacterium formicicum DSM 3637 Contig12-GCF_000302455.1	NZ_AMPO01000012.1
WP_004031773.1	5670..6291	-	Methanobacterium formicicum DSM 3637 Contig12-GCF_000302455.1	NZ_AMPO01000012.1
WP_004031775.1	6287..7286	-	Methanobacterium formicicum DSM 3637 Contig12-GCF_000302455.1	NZ_AMPO01000012.1
WP_004031777.1	7278..8643	-	Methanobacterium formicicum DSM 3637 Contig12-GCF_000302455.1	NZ_AMPO01000012.1
WP_237739745.1	8645..9215	-	Methanobacterium formicicum DSM 3637 Contig12-GCF_000302455.1	NZ_AMPO01000012.1
WP_004031781.1	10500..11442	-	Methanobacterium formicicum DSM 3637 Contig12-GCF_000302455.1	NZ_AMPO01000012.1
WP_004031783.1	11779..12733	+	Methanobacterium formicicum DSM 3637 Contig12-GCF_000302455.1	NZ_AMPO01000012.1
WP_004031785.1	12833..14534	-	Methanobacterium formicicum DSM 3637 Contig12-GCF_000302455.1	NZ_AMPO01000012.1
WP_004031786.1	14796..15282	+	Methanobacterium formicicum DSM 3637 Contig12-GCF_000302455.1	NZ_AMPO01000012.1
WP_004031787.1	15345..16086	-	Methanobacterium formicicum DSM 3637 Contig12-GCF_000302455.1	NZ_AMPO01000012.1
WP_004031788.1	16306..16720	+	Methanobacterium formicicum DSM 3637 Contig12-GCF_000302455.1	NZ_AMPO01000012.1
WP_004031789.1	16851..17262	+	Methanobacterium formicicum DSM 3637 Contig12-GCF_000302455.1	NZ_AMPO01000012.1
WP_004031790.1	17378..17741	+	Methanobacterium formicicum DSM 3637 Contig12-GCF_000302455.1	NZ_AMPO01000012.1
WP_048204251.1	17824..18469	-	Methanobacterium formicicum DSM 3637 Contig12-GCF_000302455.1	NZ_AMPO01000012.1
===
WP_023991501.1	350569..351949	+	Methanobacterium sp. MB1-GCF_000499765.1	NC_023044.1
WP_039376477.1	352151..353024	+	Methanobacterium sp. MB1-GCF_000499765.1	NC_023044.1
WP_023991503.1	353020..353974	+	Methanobacterium sp. MB1-GCF_000499765.1	NC_023044.1
WP_023991504.1	354025..354625	+	Methanobacterium sp. MB1-GCF_000499765.1	NC_023044.1
WP_023991505.1	354776..356006	-	Methanobacterium sp. MB1-GCF_000499765.1	NC_023044.1
WP_023991508.1	361903..362167	-	Methanobacterium sp. MB1-GCF_000499765.1	NC_023044.1
WP_039377070.1	362170..363139	-	Methanobacterium sp. MB1-GCF_000499765.1	NC_023044.1
WP_023991510.1	363156..363675	-	Methanobacterium sp. MB1-GCF_000499765.1	NC_023044.1
WP_023991511.1	363835..366265	-	Methanobacterium sp. MB1-GCF_000499765.1	NC_023044.1
WP_023991512.1	366390..366684	-	Methanobacterium sp. MB1-GCF_000499765.1	NC_023044.1
WP_023991513.1	366680..367331	-	Methanobacterium sp. MB1-GCF_000499765.1	NC_023044.1
WP_023991514.1	367336..368275	-	Methanobacterium sp. MB1-GCF_000499765.1	NC_023044.1
WP_051371657.1	368267..369764	-	Methanobacterium sp. MB1-GCF_000499765.1	NC_023044.1
WP_023991516.1	369799..370546	-	Methanobacterium sp. MB1-GCF_000499765.1	NC_023044.1
WP_023991517.1	370700..371699	-	Methanobacterium sp. MB1-GCF_000499765.1	NC_023044.1
WP_023991518.1	372272..372953	+	Methanobacterium sp. MB1-GCF_000499765.1	NC_023044.1
WP_023991519.1	373033..373234	+	Methanobacterium sp. MB1-GCF_000499765.1	NC_023044.1
WP_023991520.1	373518..373845	+	Methanobacterium sp. MB1-GCF_000499765.1	NC_023044.1
WP_172636158.1	373970..374807	+	Methanobacterium sp. MB1-GCF_000499765.1	NC_023044.1
WP_023991522.1	374826..375480	-	Methanobacterium sp. MB1-GCF_000499765.1	NC_023044.1
WP_023991523.1	375469..376162	-	Methanobacterium sp. MB1-GCF_000499765.1	NC_023044.1
WP_023991524.1	376363..376882	-	Methanobacterium sp. MB1-GCF_000499765.1	NC_023044.1
WP_023991525.1	377256..377736	+	Methanobacterium sp. MB1-GCF_000499765.1	NC_023044.1
WP_023991526.1	377817..378669	-	Methanobacterium sp. MB1-GCF_000499765.1	NC_023044.1
WP_023991527.1	379335..380190	+	Methanobacterium sp. MB1-GCF_000499765.1	NC_023044.1
WP_023991528.1	380292..382416	+	Methanobacterium sp. MB1-GCF_000499765.1	NC_023044.1
===
WP_023992109.1	948403..949558	-	Methanobacterium sp. MB1-GCF_000499765.1	NC_023044.1
WP_023992110.1	949571..950396	-	Methanobacterium sp. MB1-GCF_000499765.1	NC_023044.1
WP_023992111.1	950355..950664	-	Methanobacterium sp. MB1-GCF_000499765.1	NC_023044.1
WP_023992112.1	950644..951841	-	Methanobacterium sp. MB1-GCF_000499765.1	NC_023044.1
WP_039377243.1	951837..952527	-	Methanobacterium sp. MB1-GCF_000499765.1	NC_023044.1
WP_023992114.1	953037..954522	+	Methanobacterium sp. MB1-GCF_000499765.1	NC_023044.1
WP_023992115.1	954581..955004	-	Methanobacterium sp. MB1-GCF_000499765.1	NC_023044.1
WP_023992116.1	955737..956991	+	Methanobacterium sp. MB1-GCF_000499765.1	NC_023044.1
WP_023992117.1	956999..958982	+	Methanobacterium sp. MB1-GCF_000499765.1	NC_023044.1
WP_023992118.1	959056..959650	-	Methanobacterium sp. MB1-GCF_000499765.1	NC_023044.1
WP_051371687.1	959918..960239	+	Methanobacterium sp. MB1-GCF_000499765.1	NC_023044.1
WP_023992120.1	960280..960694	+	Methanobacterium sp. MB1-GCF_000499765.1	NC_023044.1
WP_023992121.1	961284..962031	+	Methanobacterium sp. MB1-GCF_000499765.1	NC_023044.1
WP_023992122.1	962178..962532	-	Methanobacterium sp. MB1-GCF_000499765.1	NC_023044.1
WP_155914786.1	962796..962934	-	Methanobacterium sp. MB1-GCF_000499765.1	NC_023044.1
WP_023992124.1	963368..963758	+	Methanobacterium sp. MB1-GCF_000499765.1	NC_023044.1
WP_023992127.1	964842..967980	-	Methanobacterium sp. MB1-GCF_000499765.1	NC_023044.1
WP_051371688.1	968335..968704	+	Methanobacterium sp. MB1-GCF_000499765.1	NC_023044.1
WP_023992129.1	968704..969007	+	Methanobacterium sp. MB1-GCF_000499765.1	NC_023044.1
WP_023992130.1	969042..969795	+	Methanobacterium sp. MB1-GCF_000499765.1	NC_023044.1
===
WP_023992718.1	1579498..1581508	+	Methanobacterium sp. MB1-GCF_000499765.1	NC_023044.1
WP_023992719.1	1581509..1581992	+	Methanobacterium sp. MB1-GCF_000499765.1	NC_023044.1
WP_023992720.1	1581997..1582621	+	Methanobacterium sp. MB1-GCF_000499765.1	NC_023044.1
WP_023992721.1	1582639..1583797	+	Methanobacterium sp. MB1-GCF_000499765.1	NC_023044.1
WP_023992722.1	1583793..1584108	+	Methanobacterium sp. MB1-GCF_000499765.1	NC_023044.1
WP_023992723.1	1584104..1585859	+	Methanobacterium sp. MB1-GCF_000499765.1	NC_023044.1
WP_023992724.1	1585861..1587253	+	Methanobacterium sp. MB1-GCF_000499765.1	NC_023044.1
WP_023992725.1	1587293..1587953	+	Methanobacterium sp. MB1-GCF_000499765.1	NC_023044.1
WP_023992726.1	1587945..1588329	+	Methanobacterium sp. MB1-GCF_000499765.1	NC_023044.1
WP_023992727.1	1588561..1588897	-	Methanobacterium sp. MB1-GCF_000499765.1	NC_023044.1
WP_023992728.1	1589029..1589437	+	Methanobacterium sp. MB1-GCF_000499765.1	NC_023044.1
WP_039376846.1	1589513..1589723	+	Methanobacterium sp. MB1-GCF_000499765.1	NC_023044.1
WP_023992730.1	1589743..1590916	-	Methanobacterium sp. MB1-GCF_000499765.1	NC_023044.1
WP_023992731.1	1591095..1591785	-	Methanobacterium sp. MB1-GCF_000499765.1	NC_023044.1
WP_023992733.1	1592905..1593673	-	Methanobacterium sp. MB1-GCF_000499765.1	NC_023044.1
WP_023992734.1	1594219..1594702	-	Methanobacterium sp. MB1-GCF_000499765.1	NC_023044.1
WP_023992735.1	1594787..1595363	-	Methanobacterium sp. MB1-GCF_000499765.1	NC_023044.1
WP_023992736.1	1595399..1595756	-	Methanobacterium sp. MB1-GCF_000499765.1	NC_023044.1
WP_023992737.1	1595991..1596756	-	Methanobacterium sp. MB1-GCF_000499765.1	NC_023044.1
WP_023992738.1	1596758..1597700	-	Methanobacterium sp. MB1-GCF_000499765.1	NC_023044.1
WP_039376853.1	1597887..1599252	+	Methanobacterium sp. MB1-GCF_000499765.1	NC_023044.1
WP_023992740.1	1599426..1599912	+	Methanobacterium sp. MB1-GCF_000499765.1	NC_023044.1
WP_023992741.1	1600188..1600779	+	Methanobacterium sp. MB1-GCF_000499765.1	NC_023044.1
WP_023992742.1	1600861..1602466	+	Methanobacterium sp. MB1-GCF_000499765.1	NC_023044.1
===
WP_048191514.1	2037645..2039649	+	Methanobacterium sp. SMA-27 DL91DRAFT_unitig_0_quiver.1_C-GCF_000744455.1	NZ_JQLY01000001.1
WP_048191515.1	2039650..2040139	+	Methanobacterium sp. SMA-27 DL91DRAFT_unitig_0_quiver.1_C-GCF_000744455.1	NZ_JQLY01000001.1
WP_048191516.1	2040142..2040766	+	Methanobacterium sp. SMA-27 DL91DRAFT_unitig_0_quiver.1_C-GCF_000744455.1	NZ_JQLY01000001.1
WP_048191517.1	2040780..2041938	+	Methanobacterium sp. SMA-27 DL91DRAFT_unitig_0_quiver.1_C-GCF_000744455.1	NZ_JQLY01000001.1
WP_048191518.1	2041934..2042255	+	Methanobacterium sp. SMA-27 DL91DRAFT_unitig_0_quiver.1_C-GCF_000744455.1	NZ_JQLY01000001.1
WP_048191519.1	2042251..2044003	+	Methanobacterium sp. SMA-27 DL91DRAFT_unitig_0_quiver.1_C-GCF_000744455.1	NZ_JQLY01000001.1
WP_048191521.1	2044005..2045397	+	Methanobacterium sp. SMA-27 DL91DRAFT_unitig_0_quiver.1_C-GCF_000744455.1	NZ_JQLY01000001.1
WP_048191522.1	2045453..2046095	+	Methanobacterium sp. SMA-27 DL91DRAFT_unitig_0_quiver.1_C-GCF_000744455.1	NZ_JQLY01000001.1
WP_048191524.1	2046095..2046479	+	Methanobacterium sp. SMA-27 DL91DRAFT_unitig_0_quiver.1_C-GCF_000744455.1	NZ_JQLY01000001.1
WP_048191526.1	2046592..2047009	-	Methanobacterium sp. SMA-27 DL91DRAFT_unitig_0_quiver.1_C-GCF_000744455.1	NZ_JQLY01000001.1
WP_048191527.1	2047073..2047412	-	Methanobacterium sp. SMA-27 DL91DRAFT_unitig_0_quiver.1_C-GCF_000744455.1	NZ_JQLY01000001.1
WP_048191530.1	2047494..2047899	+	Methanobacterium sp. SMA-27 DL91DRAFT_unitig_0_quiver.1_C-GCF_000744455.1	NZ_JQLY01000001.1
WP_197050640.1	2047903..2048062	+	Methanobacterium sp. SMA-27 DL91DRAFT_unitig_0_quiver.1_C-GCF_000744455.1	NZ_JQLY01000001.1
WP_048191532.1	2048083..2049250	-	Methanobacterium sp. SMA-27 DL91DRAFT_unitig_0_quiver.1_C-GCF_000744455.1	NZ_JQLY01000001.1
WP_048191534.1	2049423..2050092	-	Methanobacterium sp. SMA-27 DL91DRAFT_unitig_0_quiver.1_C-GCF_000744455.1	NZ_JQLY01000001.1
WP_048191537.1	2050091..2050664	-	Methanobacterium sp. SMA-27 DL91DRAFT_unitig_0_quiver.1_C-GCF_000744455.1	NZ_JQLY01000001.1
WP_048191540.1	2050860..2051748	-	Methanobacterium sp. SMA-27 DL91DRAFT_unitig_0_quiver.1_C-GCF_000744455.1	NZ_JQLY01000001.1
WP_052374373.1	2051964..2053650	+	Methanobacterium sp. SMA-27 DL91DRAFT_unitig_0_quiver.1_C-GCF_000744455.1	NZ_JQLY01000001.1
WP_048191542.1	2053665..2054394	-	Methanobacterium sp. SMA-27 DL91DRAFT_unitig_0_quiver.1_C-GCF_000744455.1	NZ_JQLY01000001.1
WP_048191545.1	2054517..2055321	-	Methanobacterium sp. SMA-27 DL91DRAFT_unitig_0_quiver.1_C-GCF_000744455.1	NZ_JQLY01000001.1
WP_048191547.1	2055538..2056303	-	Methanobacterium sp. SMA-27 DL91DRAFT_unitig_0_quiver.1_C-GCF_000744455.1	NZ_JQLY01000001.1
WP_048191549.1	2056304..2057246	-	Methanobacterium sp. SMA-27 DL91DRAFT_unitig_0_quiver.1_C-GCF_000744455.1	NZ_JQLY01000001.1
WP_231551449.1	2057460..2058843	+	Methanobacterium sp. SMA-27 DL91DRAFT_unitig_0_quiver.1_C-GCF_000744455.1	NZ_JQLY01000001.1
WP_081882660.1	2058935..2059424	+	Methanobacterium sp. SMA-27 DL91DRAFT_unitig_0_quiver.1_C-GCF_000744455.1	NZ_JQLY01000001.1
WP_048191553.1	2059531..2060221	-	Methanobacterium sp. SMA-27 DL91DRAFT_unitig_0_quiver.1_C-GCF_000744455.1	NZ_JQLY01000001.1
===
WP_081882662.1	2157096..2158311	-	Methanobacterium sp. SMA-27 DL91DRAFT_unitig_0_quiver.1_C-GCF_000744455.1	NZ_JQLY01000001.1
WP_048191711.1	2158347..2159169	-	Methanobacterium sp. SMA-27 DL91DRAFT_unitig_0_quiver.1_C-GCF_000744455.1	NZ_JQLY01000001.1
WP_048192742.1	2159224..2160064	-	Methanobacterium sp. SMA-27 DL91DRAFT_unitig_0_quiver.1_C-GCF_000744455.1	NZ_JQLY01000001.1
WP_048191713.1	2160140..2161085	-	Methanobacterium sp. SMA-27 DL91DRAFT_unitig_0_quiver.1_C-GCF_000744455.1	NZ_JQLY01000001.1
WP_231551503.1	2161305..2162106	-	Methanobacterium sp. SMA-27 DL91DRAFT_unitig_0_quiver.1_C-GCF_000744455.1	NZ_JQLY01000001.1
WP_048191714.1	2162117..2162678	-	Methanobacterium sp. SMA-27 DL91DRAFT_unitig_0_quiver.1_C-GCF_000744455.1	NZ_JQLY01000001.1
WP_048191716.1	2162689..2163391	-	Methanobacterium sp. SMA-27 DL91DRAFT_unitig_0_quiver.1_C-GCF_000744455.1	NZ_JQLY01000001.1
WP_048191718.1	2163413..2163896	-	Methanobacterium sp. SMA-27 DL91DRAFT_unitig_0_quiver.1_C-GCF_000744455.1	NZ_JQLY01000001.1
WP_048191720.1	2163947..2164538	-	Methanobacterium sp. SMA-27 DL91DRAFT_unitig_0_quiver.1_C-GCF_000744455.1	NZ_JQLY01000001.1
WP_048191721.1	2165049..2166081	+	Methanobacterium sp. SMA-27 DL91DRAFT_unitig_0_quiver.1_C-GCF_000744455.1	NZ_JQLY01000001.1
WP_048191723.1	2166160..2167444	+	Methanobacterium sp. SMA-27 DL91DRAFT_unitig_0_quiver.1_C-GCF_000744455.1	NZ_JQLY01000001.1
WP_156096072.1	2167533..2167677	+	Methanobacterium sp. SMA-27 DL91DRAFT_unitig_0_quiver.1_C-GCF_000744455.1	NZ_JQLY01000001.1
WP_048191724.1	2167706..2168333	+	Methanobacterium sp. SMA-27 DL91DRAFT_unitig_0_quiver.1_C-GCF_000744455.1	NZ_JQLY01000001.1
WP_048191726.1	2168364..2168691	-	Methanobacterium sp. SMA-27 DL91DRAFT_unitig_0_quiver.1_C-GCF_000744455.1	NZ_JQLY01000001.1
WP_048191728.1	2168712..2169234	-	Methanobacterium sp. SMA-27 DL91DRAFT_unitig_0_quiver.1_C-GCF_000744455.1	NZ_JQLY01000001.1
WP_048191729.1	2169474..2169756	+	Methanobacterium sp. SMA-27 DL91DRAFT_unitig_0_quiver.1_C-GCF_000744455.1	NZ_JQLY01000001.1
WP_048191731.1	2169921..2170209	+	Methanobacterium sp. SMA-27 DL91DRAFT_unitig_0_quiver.1_C-GCF_000744455.1	NZ_JQLY01000001.1
WP_048191733.1	2170221..2170878	-	Methanobacterium sp. SMA-27 DL91DRAFT_unitig_0_quiver.1_C-GCF_000744455.1	NZ_JQLY01000001.1
WP_231551451.1	2170935..2171307	-	Methanobacterium sp. SMA-27 DL91DRAFT_unitig_0_quiver.1_C-GCF_000744455.1	NZ_JQLY01000001.1
WP_081882663.1	2171576..2172095	+	Methanobacterium sp. SMA-27 DL91DRAFT_unitig_0_quiver.1_C-GCF_000744455.1	NZ_JQLY01000001.1
WP_255343967.1	2172076..2172481	+	Methanobacterium sp. SMA-27 DL91DRAFT_unitig_0_quiver.1_C-GCF_000744455.1	NZ_JQLY01000001.1
WP_048191734.1	2172510..2172864	+	Methanobacterium sp. SMA-27 DL91DRAFT_unitig_0_quiver.1_C-GCF_000744455.1	NZ_JQLY01000001.1
WP_048191736.1	2172884..2173187	-	Methanobacterium sp. SMA-27 DL91DRAFT_unitig_0_quiver.1_C-GCF_000744455.1	NZ_JQLY01000001.1
WP_231551452.1	2173370..2173535	-	Methanobacterium sp. SMA-27 DL91DRAFT_unitig_0_quiver.1_C-GCF_000744455.1	NZ_JQLY01000001.1
WP_156096075.1	2173549..2173687	-	Methanobacterium sp. SMA-27 DL91DRAFT_unitig_0_quiver.1_C-GCF_000744455.1	NZ_JQLY01000001.1
WP_156096076.1	2174231..2174387	+	Methanobacterium sp. SMA-27 DL91DRAFT_unitig_0_quiver.1_C-GCF_000744455.1	NZ_JQLY01000001.1
WP_048191737.1	2174502..2175123	-	Methanobacterium sp. SMA-27 DL91DRAFT_unitig_0_quiver.1_C-GCF_000744455.1	NZ_JQLY01000001.1
WP_048191739.1	2175382..2176033	+	Methanobacterium sp. SMA-27 DL91DRAFT_unitig_0_quiver.1_C-GCF_000744455.1	NZ_JQLY01000001.1
WP_231551453.1	2176171..2177539	+	Methanobacterium sp. SMA-27 DL91DRAFT_unitig_0_quiver.1_C-GCF_000744455.1	NZ_JQLY01000001.1
WP_048191741.1	2177535..2180397	+	Methanobacterium sp. SMA-27 DL91DRAFT_unitig_0_quiver.1_C-GCF_000744455.1	NZ_JQLY01000001.1
===
WP_048082042.1	326..590	-	Methanobacterium veterum strain MK4 EJ01DRAFT_scaffold00003.3_C-GCF_000745485.1	NZ_JQJK01000009.1
WP_048082041.1	611..1577	-	Methanobacterium veterum strain MK4 EJ01DRAFT_scaffold00003.3_C-GCF_000745485.1	NZ_JQJK01000009.1
WP_048082040.1	1640..2156	-	Methanobacterium veterum strain MK4 EJ01DRAFT_scaffold00003.3_C-GCF_000745485.1	NZ_JQJK01000009.1
WP_048082039.1	2199..4641	-	Methanobacterium veterum strain MK4 EJ01DRAFT_scaffold00003.3_C-GCF_000745485.1	NZ_JQJK01000009.1
WP_048082038.1	4676..5327	-	Methanobacterium veterum strain MK4 EJ01DRAFT_scaffold00003.3_C-GCF_000745485.1	NZ_JQJK01000009.1
WP_048082037.1	5341..6274	-	Methanobacterium veterum strain MK4 EJ01DRAFT_scaffold00003.3_C-GCF_000745485.1	NZ_JQJK01000009.1
WP_052375809.1	6270..7764	-	Methanobacterium veterum strain MK4 EJ01DRAFT_scaffold00003.3_C-GCF_000745485.1	NZ_JQJK01000009.1
WP_048082035.1	7801..8542	-	Methanobacterium veterum strain MK4 EJ01DRAFT_scaffold00003.3_C-GCF_000745485.1	NZ_JQJK01000009.1
WP_048082034.1	8947..9541	+	Methanobacterium veterum strain MK4 EJ01DRAFT_scaffold00003.3_C-GCF_000745485.1	NZ_JQJK01000009.1
WP_157197620.1	9865..10057	-	Methanobacterium veterum strain MK4 EJ01DRAFT_scaffold00003.3_C-GCF_000745485.1	NZ_JQJK01000009.1
WP_157197619.1	10230..10536	+	Methanobacterium veterum strain MK4 EJ01DRAFT_scaffold00003.3_C-GCF_000745485.1	NZ_JQJK01000009.1
WP_048192845.1	11260..11665	+	Methanobacterium veterum strain MK4 EJ01DRAFT_scaffold00003.3_C-GCF_000745485.1	NZ_JQJK01000009.1
WP_048082030.1	11669..12089	+	Methanobacterium veterum strain MK4 EJ01DRAFT_scaffold00003.3_C-GCF_000745485.1	NZ_JQJK01000009.1
WP_048082029.1	13112..14270	-	Methanobacterium veterum strain MK4 EJ01DRAFT_scaffold00003.3_C-GCF_000745485.1	NZ_JQJK01000009.1
WP_048082028.1	14366..15713	-	Methanobacterium veterum strain MK4 EJ01DRAFT_scaffold00003.3_C-GCF_000745485.1	NZ_JQJK01000009.1
WP_245611146.1	15846..16698	-	Methanobacterium veterum strain MK4 EJ01DRAFT_scaffold00003.3_C-GCF_000745485.1	NZ_JQJK01000009.1
WP_048082027.1	18777..19338	-	Methanobacterium veterum strain MK4 EJ01DRAFT_scaffold00003.3_C-GCF_000745485.1	NZ_JQJK01000009.1
WP_052375816.1	19457..19850	-	Methanobacterium veterum strain MK4 EJ01DRAFT_scaffold00003.3_C-GCF_000745485.1	NZ_JQJK01000009.1
===
WP_052375816.1	45065..45458	+	Methanobacterium arcticum strain M2 EI99DRAFT_scaffold00012.12_C-GCF_000746075.1	NZ_JQKN01000015.1
WP_048082027.1	45577..46138	+	Methanobacterium arcticum strain M2 EI99DRAFT_scaffold00012.12_C-GCF_000746075.1	NZ_JQKN01000015.1
WP_052375811.1	48130..49069	+	Methanobacterium arcticum strain M2 EI99DRAFT_scaffold00012.12_C-GCF_000746075.1	NZ_JQKN01000015.1
WP_048082028.1	49202..50549	+	Methanobacterium arcticum strain M2 EI99DRAFT_scaffold00012.12_C-GCF_000746075.1	NZ_JQKN01000015.1
WP_048082029.1	50645..51803	+	Methanobacterium arcticum strain M2 EI99DRAFT_scaffold00012.12_C-GCF_000746075.1	NZ_JQKN01000015.1
WP_048082030.1	52826..53246	-	Methanobacterium arcticum strain M2 EI99DRAFT_scaffold00012.12_C-GCF_000746075.1	NZ_JQKN01000015.1
WP_048082031.1	53250..53655	-	Methanobacterium arcticum strain M2 EI99DRAFT_scaffold00012.12_C-GCF_000746075.1	NZ_JQKN01000015.1
WP_157197619.1	54379..54685	-	Methanobacterium arcticum strain M2 EI99DRAFT_scaffold00012.12_C-GCF_000746075.1	NZ_JQKN01000015.1
WP_048082033.1	54837..55050	+	Methanobacterium arcticum strain M2 EI99DRAFT_scaffold00012.12_C-GCF_000746075.1	NZ_JQKN01000015.1
WP_048082034.1	55374..55968	-	Methanobacterium arcticum strain M2 EI99DRAFT_scaffold00012.12_C-GCF_000746075.1	NZ_JQKN01000015.1
WP_048082035.1	56373..57114	+	Methanobacterium arcticum strain M2 EI99DRAFT_scaffold00012.12_C-GCF_000746075.1	NZ_JQKN01000015.1
WP_052375809.1	57151..58645	+	Methanobacterium arcticum strain M2 EI99DRAFT_scaffold00012.12_C-GCF_000746075.1	NZ_JQKN01000015.1
WP_048082037.1	58641..59574	+	Methanobacterium arcticum strain M2 EI99DRAFT_scaffold00012.12_C-GCF_000746075.1	NZ_JQKN01000015.1
WP_048082038.1	59588..60239	+	Methanobacterium arcticum strain M2 EI99DRAFT_scaffold00012.12_C-GCF_000746075.1	NZ_JQKN01000015.1
WP_048082039.1	60274..62716	+	Methanobacterium arcticum strain M2 EI99DRAFT_scaffold00012.12_C-GCF_000746075.1	NZ_JQKN01000015.1
WP_048082040.1	62759..63275	+	Methanobacterium arcticum strain M2 EI99DRAFT_scaffold00012.12_C-GCF_000746075.1	NZ_JQKN01000015.1
WP_048082041.1	63338..64304	+	Methanobacterium arcticum strain M2 EI99DRAFT_scaffold00012.12_C-GCF_000746075.1	NZ_JQKN01000015.1
WP_048082042.1	64325..64589	+	Methanobacterium arcticum strain M2 EI99DRAFT_scaffold00012.12_C-GCF_000746075.1	NZ_JQKN01000015.1
===
WP_069582264.1	112331..114140	+	Methanobacterium sp. A39 contig_12-GCF_001729285.1	NZ_LZPM01000003.1
WP_069582265.1	114277..115624	+	Methanobacterium sp. A39 contig_12-GCF_001729285.1	NZ_LZPM01000003.1
WP_069582268.1	115721..116879	+	Methanobacterium sp. A39 contig_12-GCF_001729285.1	NZ_LZPM01000003.1
WP_176720169.1	118435..118816	-	Methanobacterium sp. A39 contig_12-GCF_001729285.1	NZ_LZPM01000003.1
WP_069582289.1	118944..119310	-	Methanobacterium sp. A39 contig_12-GCF_001729285.1	NZ_LZPM01000003.1
WP_069582299.1	120162..120486	+	Methanobacterium sp. A39 contig_12-GCF_001729285.1	NZ_LZPM01000003.1
WP_069582302.1	120486..120669	+	Methanobacterium sp. A39 contig_12-GCF_001729285.1	NZ_LZPM01000003.1
WP_069582304.1	121421..121739	-	Methanobacterium sp. A39 contig_12-GCF_001729285.1	NZ_LZPM01000003.1
WP_069582305.1	121879..122092	+	Methanobacterium sp. A39 contig_12-GCF_001729285.1	NZ_LZPM01000003.1
WP_069582310.1	122396..122990	-	Methanobacterium sp. A39 contig_12-GCF_001729285.1	NZ_LZPM01000003.1
WP_069582314.1	123534..124257	+	Methanobacterium sp. A39 contig_12-GCF_001729285.1	NZ_LZPM01000003.1
WP_069582317.1	124280..125786	+	Methanobacterium sp. A39 contig_12-GCF_001729285.1	NZ_LZPM01000003.1
WP_069582319.1	125782..126712	+	Methanobacterium sp. A39 contig_12-GCF_001729285.1	NZ_LZPM01000003.1
WP_069582320.1	126725..127376	+	Methanobacterium sp. A39 contig_12-GCF_001729285.1	NZ_LZPM01000003.1
WP_069582322.1	127411..129853	+	Methanobacterium sp. A39 contig_12-GCF_001729285.1	NZ_LZPM01000003.1
WP_069582324.1	129896..130412	+	Methanobacterium sp. A39 contig_12-GCF_001729285.1	NZ_LZPM01000003.1
WP_069582327.1	130475..131441	+	Methanobacterium sp. A39 contig_12-GCF_001729285.1	NZ_LZPM01000003.1
WP_069582332.1	131463..131727	+	Methanobacterium sp. A39 contig_12-GCF_001729285.1	NZ_LZPM01000003.1
===
WP_095651989.1	2733..3045	-	Methanobacterium bryantii strain M.o.H. contig_13-GCF_002287175.1	NZ_LMVM01000005.1
WP_179288731.1	3288..3693	-	Methanobacterium bryantii strain M.o.H. contig_13-GCF_002287175.1	NZ_LMVM01000005.1
WP_095651991.1	3910..4339	+	Methanobacterium bryantii strain M.o.H. contig_13-GCF_002287175.1	NZ_LMVM01000005.1
WP_095651992.1	4937..5282	+	Methanobacterium bryantii strain M.o.H. contig_13-GCF_002287175.1	NZ_LMVM01000005.1
WP_095651993.1	5271..5892	+	Methanobacterium bryantii strain M.o.H. contig_13-GCF_002287175.1	NZ_LMVM01000005.1
WP_095651994.1	5925..6336	-	Methanobacterium bryantii strain M.o.H. contig_13-GCF_002287175.1	NZ_LMVM01000005.1
WP_095651995.1	6359..7070	-	Methanobacterium bryantii strain M.o.H. contig_13-GCF_002287175.1	NZ_LMVM01000005.1
WP_095651996.1	7083..7749	-	Methanobacterium bryantii strain M.o.H. contig_13-GCF_002287175.1	NZ_LMVM01000005.1
WP_095651997.1	7794..8217	-	Methanobacterium bryantii strain M.o.H. contig_13-GCF_002287175.1	NZ_LMVM01000005.1
WP_095651998.1	8250..8871	-	Methanobacterium bryantii strain M.o.H. contig_13-GCF_002287175.1	NZ_LMVM01000005.1
WP_179288732.1	8882..9536	-	Methanobacterium bryantii strain M.o.H. contig_13-GCF_002287175.1	NZ_LMVM01000005.1
WP_095652000.1	9838..10153	-	Methanobacterium bryantii strain M.o.H. contig_13-GCF_002287175.1	NZ_LMVM01000005.1
WP_095652001.1	10225..10714	-	Methanobacterium bryantii strain M.o.H. contig_13-GCF_002287175.1	NZ_LMVM01000005.1
WP_095652002.1	10736..11219	-	Methanobacterium bryantii strain M.o.H. contig_13-GCF_002287175.1	NZ_LMVM01000005.1
WP_095652003.1	11272..11653	-	Methanobacterium bryantii strain M.o.H. contig_13-GCF_002287175.1	NZ_LMVM01000005.1
WP_095652033.1	11705..12077	-	Methanobacterium bryantii strain M.o.H. contig_13-GCF_002287175.1	NZ_LMVM01000005.1
WP_095652004.1	12155..12599	-	Methanobacterium bryantii strain M.o.H. contig_13-GCF_002287175.1	NZ_LMVM01000005.1
WP_179288733.1	13028..13622	+	Methanobacterium bryantii strain M.o.H. contig_13-GCF_002287175.1	NZ_LMVM01000005.1
WP_095652006.1	13896..14370	+	Methanobacterium bryantii strain M.o.H. contig_13-GCF_002287175.1	NZ_LMVM01000005.1
WP_095652007.1	14392..15580	-	Methanobacterium bryantii strain M.o.H. contig_13-GCF_002287175.1	NZ_LMVM01000005.1
WP_095652008.1	15588..17949	-	Methanobacterium bryantii strain M.o.H. contig_13-GCF_002287175.1	NZ_LMVM01000005.1
WP_218833787.1	17961..18948	-	Methanobacterium bryantii strain M.o.H. contig_13-GCF_002287175.1	NZ_LMVM01000005.1
WP_095652009.1	19159..19675	-	Methanobacterium bryantii strain M.o.H. contig_13-GCF_002287175.1	NZ_LMVM01000005.1
WP_095652010.1	19687..20095	-	Methanobacterium bryantii strain M.o.H. contig_13-GCF_002287175.1	NZ_LMVM01000005.1
WP_245837459.1	20121..23304	-	Methanobacterium bryantii strain M.o.H. contig_13-GCF_002287175.1	NZ_LMVM01000005.1
WP_095652011.1	23309..27068	-	Methanobacterium bryantii strain M.o.H. contig_13-GCF_002287175.1	NZ_LMVM01000005.1
===
WP_069582264.1	112145..113954	+	Methanobacterium bryantii strain M.o.H. contig_2-GCF_002287175.1	NZ_LMVM01000012.1
WP_069582265.1	114091..115438	+	Methanobacterium bryantii strain M.o.H. contig_2-GCF_002287175.1	NZ_LMVM01000012.1
WP_069582268.1	115535..116693	+	Methanobacterium bryantii strain M.o.H. contig_2-GCF_002287175.1	NZ_LMVM01000012.1
WP_176720169.1	118249..118630	-	Methanobacterium bryantii strain M.o.H. contig_2-GCF_002287175.1	NZ_LMVM01000012.1
WP_069582289.1	118758..119124	-	Methanobacterium bryantii strain M.o.H. contig_2-GCF_002287175.1	NZ_LMVM01000012.1
WP_069582299.1	119976..120300	+	Methanobacterium bryantii strain M.o.H. contig_2-GCF_002287175.1	NZ_LMVM01000012.1
WP_069582302.1	120300..120483	+	Methanobacterium bryantii strain M.o.H. contig_2-GCF_002287175.1	NZ_LMVM01000012.1
WP_069582304.1	121235..121553	-	Methanobacterium bryantii strain M.o.H. contig_2-GCF_002287175.1	NZ_LMVM01000012.1
WP_069582305.1	121693..121906	+	Methanobacterium bryantii strain M.o.H. contig_2-GCF_002287175.1	NZ_LMVM01000012.1
WP_069582310.1	122210..122804	-	Methanobacterium bryantii strain M.o.H. contig_2-GCF_002287175.1	NZ_LMVM01000012.1
WP_069582314.1	123348..124071	+	Methanobacterium bryantii strain M.o.H. contig_2-GCF_002287175.1	NZ_LMVM01000012.1
WP_069582317.1	124094..125600	+	Methanobacterium bryantii strain M.o.H. contig_2-GCF_002287175.1	NZ_LMVM01000012.1
WP_069582319.1	125596..126526	+	Methanobacterium bryantii strain M.o.H. contig_2-GCF_002287175.1	NZ_LMVM01000012.1
WP_069582320.1	126539..127190	+	Methanobacterium bryantii strain M.o.H. contig_2-GCF_002287175.1	NZ_LMVM01000012.1
WP_069582322.1	127225..129667	+	Methanobacterium bryantii strain M.o.H. contig_2-GCF_002287175.1	NZ_LMVM01000012.1
WP_069582324.1	129710..130226	+	Methanobacterium bryantii strain M.o.H. contig_2-GCF_002287175.1	NZ_LMVM01000012.1
WP_069582327.1	130289..131255	+	Methanobacterium bryantii strain M.o.H. contig_2-GCF_002287175.1	NZ_LMVM01000012.1
WP_069582332.1	131277..131541	+	Methanobacterium bryantii strain M.o.H. contig_2-GCF_002287175.1	NZ_LMVM01000012.1
WP_069585433.1	137540..138371	+	Methanobacterium bryantii strain M.o.H. contig_2-GCF_002287175.1	NZ_LMVM01000012.1
WP_069585596.1	138486..139095	-	Methanobacterium bryantii strain M.o.H. contig_2-GCF_002287175.1	NZ_LMVM01000012.1
WP_069585435.1	139337..139886	+	Methanobacterium bryantii strain M.o.H. contig_2-GCF_002287175.1	NZ_LMVM01000012.1
WP_069585437.1	140104..140650	+	Methanobacterium bryantii strain M.o.H. contig_2-GCF_002287175.1	NZ_LMVM01000012.1
WP_069585439.1	140858..142067	+	Methanobacterium bryantii strain M.o.H. contig_2-GCF_002287175.1	NZ_LMVM01000012.1
===
WP_100906244.1	1987818..1989186	+	Methanobacterium subterraneum strain MO-MB1 chromosome-GCF_002813655.1	NZ_CP017766.1
WP_100906245.1	1989300..1989984	-	Methanobacterium subterraneum strain MO-MB1 chromosome-GCF_002813655.1	NZ_CP017766.1
WP_100906246.1	1990092..1990542	-	Methanobacterium subterraneum strain MO-MB1 chromosome-GCF_002813655.1	NZ_CP017766.1
WP_236951089.1	1990682..1991360	+	Methanobacterium subterraneum strain MO-MB1 chromosome-GCF_002813655.1	NZ_CP017766.1
WP_100906248.1	1991444..1991663	+	Methanobacterium subterraneum strain MO-MB1 chromosome-GCF_002813655.1	NZ_CP017766.1
WP_100906249.1	1991671..1992577	-	Methanobacterium subterraneum strain MO-MB1 chromosome-GCF_002813655.1	NZ_CP017766.1
WP_100906250.1	1992589..1993144	-	Methanobacterium subterraneum strain MO-MB1 chromosome-GCF_002813655.1	NZ_CP017766.1
WP_157809493.1	1993569..1993707	-	Methanobacterium subterraneum strain MO-MB1 chromosome-GCF_002813655.1	NZ_CP017766.1
WP_236951090.1	1993743..1995525	-	Methanobacterium subterraneum strain MO-MB1 chromosome-GCF_002813655.1	NZ_CP017766.1
WP_100906251.1	1995595..1996147	-	Methanobacterium subterraneum strain MO-MB1 chromosome-GCF_002813655.1	NZ_CP017766.1
WP_100906252.1	1996405..1996747	-	Methanobacterium subterraneum strain MO-MB1 chromosome-GCF_002813655.1	NZ_CP017766.1
WP_100906253.1	1996799..1997507	-	Methanobacterium subterraneum strain MO-MB1 chromosome-GCF_002813655.1	NZ_CP017766.1
WP_100906254.1	1997634..1998228	-	Methanobacterium subterraneum strain MO-MB1 chromosome-GCF_002813655.1	NZ_CP017766.1
WP_100906255.1	1998492..1998828	+	Methanobacterium subterraneum strain MO-MB1 chromosome-GCF_002813655.1	NZ_CP017766.1
WP_100906256.1	1998858..1999269	+	Methanobacterium subterraneum strain MO-MB1 chromosome-GCF_002813655.1	NZ_CP017766.1
WP_100906257.1	1999336..1999711	+	Methanobacterium subterraneum strain MO-MB1 chromosome-GCF_002813655.1	NZ_CP017766.1
WP_100906258.1	1999730..2000357	+	Methanobacterium subterraneum strain MO-MB1 chromosome-GCF_002813655.1	NZ_CP017766.1
WP_100906259.1	2000367..2000709	+	Methanobacterium subterraneum strain MO-MB1 chromosome-GCF_002813655.1	NZ_CP017766.1
WP_100906260.1	2000760..2000994	-	Methanobacterium subterraneum strain MO-MB1 chromosome-GCF_002813655.1	NZ_CP017766.1
WP_100906261.1	2001339..2001678	+	Methanobacterium subterraneum strain MO-MB1 chromosome-GCF_002813655.1	NZ_CP017766.1
WP_198517186.1	2001730..2002660	+	Methanobacterium subterraneum strain MO-MB1 chromosome-GCF_002813655.1	NZ_CP017766.1
WP_100906760.1	2002892..2004071	-	Methanobacterium subterraneum strain MO-MB1 chromosome-GCF_002813655.1	NZ_CP017766.1
WP_100906262.1	2004088..2006440	-	Methanobacterium subterraneum strain MO-MB1 chromosome-GCF_002813655.1	NZ_CP017766.1
WP_157932008.1	2006749..2006923	+	Methanobacterium subterraneum strain MO-MB1 chromosome-GCF_002813655.1	NZ_CP017766.1
WP_100906263.1	2006912..2007170	+	Methanobacterium subterraneum strain MO-MB1 chromosome-GCF_002813655.1	NZ_CP017766.1
WP_100906264.1	2007393..2007963	+	Methanobacterium subterraneum strain MO-MB1 chromosome-GCF_002813655.1	NZ_CP017766.1
WP_198517185.1	2007952..2008138	+	Methanobacterium subterraneum strain MO-MB1 chromosome-GCF_002813655.1	NZ_CP017766.1
WP_204249864.1	2008146..2008368	+	Methanobacterium subterraneum strain MO-MB1 chromosome-GCF_002813655.1	NZ_CP017766.1
===
WP_100906534.1	2357712..2359191	-	Methanobacterium subterraneum strain MO-MB1 chromosome-GCF_002813655.1	NZ_CP017766.1
WP_236951112.1	2359267..2360686	-	Methanobacterium subterraneum strain MO-MB1 chromosome-GCF_002813655.1	NZ_CP017766.1
WP_157932024.1	2360703..2360859	-	Methanobacterium subterraneum strain MO-MB1 chromosome-GCF_002813655.1	NZ_CP017766.1
WP_157932025.1	2360911..2361556	-	Methanobacterium subterraneum strain MO-MB1 chromosome-GCF_002813655.1	NZ_CP017766.1
WP_100906536.1	2368912..2369176	-	Methanobacterium subterraneum strain MO-MB1 chromosome-GCF_002813655.1	NZ_CP017766.1
WP_100906537.1	2369181..2370147	-	Methanobacterium subterraneum strain MO-MB1 chromosome-GCF_002813655.1	NZ_CP017766.1
WP_100906538.1	2370155..2370578	-	Methanobacterium subterraneum strain MO-MB1 chromosome-GCF_002813655.1	NZ_CP017766.1
WP_100906539.1	2370561..2371107	-	Methanobacterium subterraneum strain MO-MB1 chromosome-GCF_002813655.1	NZ_CP017766.1
WP_100906540.1	2371171..2371690	-	Methanobacterium subterraneum strain MO-MB1 chromosome-GCF_002813655.1	NZ_CP017766.1
WP_100906541.1	2371701..2372091	-	Methanobacterium subterraneum strain MO-MB1 chromosome-GCF_002813655.1	NZ_CP017766.1
WP_100906542.1	2372087..2372318	-	Methanobacterium subterraneum strain MO-MB1 chromosome-GCF_002813655.1	NZ_CP017766.1
WP_100906543.1	2372492..2374934	-	Methanobacterium subterraneum strain MO-MB1 chromosome-GCF_002813655.1	NZ_CP017766.1
WP_100906544.1	2374936..2375656	-	Methanobacterium subterraneum strain MO-MB1 chromosome-GCF_002813655.1	NZ_CP017766.1
WP_100906545.1	2375652..2376303	-	Methanobacterium subterraneum strain MO-MB1 chromosome-GCF_002813655.1	NZ_CP017766.1
WP_100906546.1	2376311..2377247	-	Methanobacterium subterraneum strain MO-MB1 chromosome-GCF_002813655.1	NZ_CP017766.1
WP_157932026.1	2377239..2378763	-	Methanobacterium subterraneum strain MO-MB1 chromosome-GCF_002813655.1	NZ_CP017766.1
WP_236951113.1	2378792..2379485	-	Methanobacterium subterraneum strain MO-MB1 chromosome-GCF_002813655.1	NZ_CP017766.1
WP_100906548.1	2379975..2380806	+	Methanobacterium subterraneum strain MO-MB1 chromosome-GCF_002813655.1	NZ_CP017766.1
WP_100906549.1	2381040..2381982	-	Methanobacterium subterraneum strain MO-MB1 chromosome-GCF_002813655.1	NZ_CP017766.1
WP_100906550.1	2382074..2382605	-	Methanobacterium subterraneum strain MO-MB1 chromosome-GCF_002813655.1	NZ_CP017766.1
WP_100906551.1	2382762..2383722	+	Methanobacterium subterraneum strain MO-MB1 chromosome-GCF_002813655.1	NZ_CP017766.1
WP_100906552.1	2384049..2385750	-	Methanobacterium subterraneum strain MO-MB1 chromosome-GCF_002813655.1	NZ_CP017766.1
===
WP_100907657.1	1982635..1985128	-	Methanobacterium sp. MZ-A1 chromosome-GCF_002813675.1	NZ_CP017767.1
WP_100904569.1	1985407..1985935	-	Methanobacterium sp. MZ-A1 chromosome-GCF_002813675.1	NZ_CP017767.1
WP_100907658.1	1986056..1987718	-	Methanobacterium sp. MZ-A1 chromosome-GCF_002813675.1	NZ_CP017767.1
WP_100907659.1	1987895..1988303	-	Methanobacterium sp. MZ-A1 chromosome-GCF_002813675.1	NZ_CP017767.1
WP_100904572.1	1988444..1989026	-	Methanobacterium sp. MZ-A1 chromosome-GCF_002813675.1	NZ_CP017767.1
WP_100904573.1	1989383..1989674	-	Methanobacterium sp. MZ-A1 chromosome-GCF_002813675.1	NZ_CP017767.1
WP_100907660.1	1989909..1991691	-	Methanobacterium sp. MZ-A1 chromosome-GCF_002813675.1	NZ_CP017767.1
WP_100907055.1	1992139..1993192	-	Methanobacterium sp. MZ-A1 chromosome-GCF_002813675.1	NZ_CP017767.1
WP_157809477.1	1993895..1994507	+	Methanobacterium sp. MZ-A1 chromosome-GCF_002813675.1	NZ_CP017767.1
WP_100907662.1	1994496..1996188	+	Methanobacterium sp. MZ-A1 chromosome-GCF_002813675.1	NZ_CP017767.1
WP_100907663.1	1996190..1997105	+	Methanobacterium sp. MZ-A1 chromosome-GCF_002813675.1	NZ_CP017767.1
WP_100907664.1	1997119..1997824	+	Methanobacterium sp. MZ-A1 chromosome-GCF_002813675.1	NZ_CP017767.1
WP_100907665.1	1997820..2000253	+	Methanobacterium sp. MZ-A1 chromosome-GCF_002813675.1	NZ_CP017767.1
WP_100907666.1	2000271..2000760	+	Methanobacterium sp. MZ-A1 chromosome-GCF_002813675.1	NZ_CP017767.1
WP_100907667.1	2000769..2001741	+	Methanobacterium sp. MZ-A1 chromosome-GCF_002813675.1	NZ_CP017767.1
WP_100907668.1	2001741..2002005	+	Methanobacterium sp. MZ-A1 chromosome-GCF_002813675.1	NZ_CP017767.1
WP_100907669.1	2007787..2007973	+	Methanobacterium sp. MZ-A1 chromosome-GCF_002813675.1	NZ_CP017767.1
WP_100907670.1	2008309..2008552	+	Methanobacterium sp. MZ-A1 chromosome-GCF_002813675.1	NZ_CP017767.1
WP_100907671.1	2008988..2009348	-	Methanobacterium sp. MZ-A1 chromosome-GCF_002813675.1	NZ_CP017767.1
WP_232727999.1	2009553..2009973	+	Methanobacterium sp. MZ-A1 chromosome-GCF_002813675.1	NZ_CP017767.1
WP_100907672.1	2010224..2011214	+	Methanobacterium sp. MZ-A1 chromosome-GCF_002813675.1	NZ_CP017767.1
WP_100906530.1	2011384..2012296	-	Methanobacterium sp. MZ-A1 chromosome-GCF_002813675.1	NZ_CP017767.1
===
WP_232728023.1	2340737..2340896	-	Methanobacterium sp. MZ-A1 chromosome-GCF_002813675.1	NZ_CP017767.1
WP_198517185.1	2340967..2341153	-	Methanobacterium sp. MZ-A1 chromosome-GCF_002813675.1	NZ_CP017767.1
WP_100907819.1	2341142..2341712	-	Methanobacterium sp. MZ-A1 chromosome-GCF_002813675.1	NZ_CP017767.1
WP_100906263.1	2341935..2342193	-	Methanobacterium sp. MZ-A1 chromosome-GCF_002813675.1	NZ_CP017767.1
WP_157809492.1	2342182..2342356	-	Methanobacterium sp. MZ-A1 chromosome-GCF_002813675.1	NZ_CP017767.1
WP_100907820.1	2342666..2345018	+	Methanobacterium sp. MZ-A1 chromosome-GCF_002813675.1	NZ_CP017767.1
WP_100907821.1	2345037..2346216	+	Methanobacterium sp. MZ-A1 chromosome-GCF_002813675.1	NZ_CP017767.1
WP_198517186.1	2346448..2347378	-	Methanobacterium sp. MZ-A1 chromosome-GCF_002813675.1	NZ_CP017767.1
WP_100906261.1	2347430..2347769	-	Methanobacterium sp. MZ-A1 chromosome-GCF_002813675.1	NZ_CP017767.1
WP_100907822.1	2348114..2348348	+	Methanobacterium sp. MZ-A1 chromosome-GCF_002813675.1	NZ_CP017767.1
WP_100907823.1	2348399..2349377	-	Methanobacterium sp. MZ-A1 chromosome-GCF_002813675.1	NZ_CP017767.1
WP_100906257.1	2349396..2349771	-	Methanobacterium sp. MZ-A1 chromosome-GCF_002813675.1	NZ_CP017767.1
WP_100906256.1	2349838..2350249	-	Methanobacterium sp. MZ-A1 chromosome-GCF_002813675.1	NZ_CP017767.1
WP_100906255.1	2350279..2350615	-	Methanobacterium sp. MZ-A1 chromosome-GCF_002813675.1	NZ_CP017767.1
WP_100906254.1	2350879..2351473	+	Methanobacterium sp. MZ-A1 chromosome-GCF_002813675.1	NZ_CP017767.1
WP_100906253.1	2351599..2352307	+	Methanobacterium sp. MZ-A1 chromosome-GCF_002813675.1	NZ_CP017767.1
WP_100906252.1	2352359..2352701	+	Methanobacterium sp. MZ-A1 chromosome-GCF_002813675.1	NZ_CP017767.1
WP_100906251.1	2352959..2353511	+	Methanobacterium sp. MZ-A1 chromosome-GCF_002813675.1	NZ_CP017767.1
WP_100906759.1	2353551..2355363	+	Methanobacterium sp. MZ-A1 chromosome-GCF_002813675.1	NZ_CP017767.1
WP_157809493.1	2355399..2355537	+	Methanobacterium sp. MZ-A1 chromosome-GCF_002813675.1	NZ_CP017767.1
WP_100906250.1	2355963..2356518	+	Methanobacterium sp. MZ-A1 chromosome-GCF_002813675.1	NZ_CP017767.1
WP_100906249.1	2356530..2357436	+	Methanobacterium sp. MZ-A1 chromosome-GCF_002813675.1	NZ_CP017767.1
WP_100907824.1	2357444..2357663	-	Methanobacterium sp. MZ-A1 chromosome-GCF_002813675.1	NZ_CP017767.1
WP_232728024.1	2357734..2357995	-	Methanobacterium sp. MZ-A1 chromosome-GCF_002813675.1	NZ_CP017767.1
WP_232728025.1	2357946..2358399	-	Methanobacterium sp. MZ-A1 chromosome-GCF_002813675.1	NZ_CP017767.1
WP_100907825.1	2358563..2359013	+	Methanobacterium sp. MZ-A1 chromosome-GCF_002813675.1	NZ_CP017767.1
WP_100907826.1	2359121..2359805	+	Methanobacterium sp. MZ-A1 chromosome-GCF_002813675.1	NZ_CP017767.1
WP_100907827.1	2359919..2361287	-	Methanobacterium sp. MZ-A1 chromosome-GCF_002813675.1	NZ_CP017767.1
===
WP_071906985.1	1377273..1377537	-	Methanobacterium congolense isolate Buetzberg chromosome I-GCF_900095295.1	NZ_LT607756.1
WP_197668936.1	1377557..1378724	-	Methanobacterium congolense isolate Buetzberg chromosome I-GCF_900095295.1	NZ_LT607756.1
WP_071906986.1	1378848..1379814	-	Methanobacterium congolense isolate Buetzberg chromosome I-GCF_900095295.1	NZ_LT607756.1
WP_071906987.1	1379810..1380239	-	Methanobacterium congolense isolate Buetzberg chromosome I-GCF_900095295.1	NZ_LT607756.1
WP_071906988.1	1380222..1380768	-	Methanobacterium congolense isolate Buetzberg chromosome I-GCF_900095295.1	NZ_LT607756.1
WP_071908025.1	1380806..1381325	-	Methanobacterium congolense isolate Buetzberg chromosome I-GCF_900095295.1	NZ_LT607756.1
WP_071906989.1	1381347..1381596	-	Methanobacterium congolense isolate Buetzberg chromosome I-GCF_900095295.1	NZ_LT607756.1
WP_171899100.1	1381694..1381859	-	Methanobacterium congolense isolate Buetzberg chromosome I-GCF_900095295.1	NZ_LT607756.1
WP_071906990.1	1381905..1384419	-	Methanobacterium congolense isolate Buetzberg chromosome I-GCF_900095295.1	NZ_LT607756.1
WP_071906991.1	1384402..1385116	-	Methanobacterium congolense isolate Buetzberg chromosome I-GCF_900095295.1	NZ_LT607756.1
WP_071906992.1	1385125..1386034	-	Methanobacterium congolense isolate Buetzberg chromosome I-GCF_900095295.1	NZ_LT607756.1
WP_071906993.1	1386026..1387868	-	Methanobacterium congolense isolate Buetzberg chromosome I-GCF_900095295.1	NZ_LT607756.1
WP_071906994.1	1387891..1388623	-	Methanobacterium congolense isolate Buetzberg chromosome I-GCF_900095295.1	NZ_LT607756.1
WP_071906995.1	1388637..1390848	-	Methanobacterium congolense isolate Buetzberg chromosome I-GCF_900095295.1	NZ_LT607756.1
WP_071906996.1	1390857..1391475	-	Methanobacterium congolense isolate Buetzberg chromosome I-GCF_900095295.1	NZ_LT607756.1
WP_071906997.1	1391471..1392470	-	Methanobacterium congolense isolate Buetzberg chromosome I-GCF_900095295.1	NZ_LT607756.1
WP_071906998.1	1392470..1393829	-	Methanobacterium congolense isolate Buetzberg chromosome I-GCF_900095295.1	NZ_LT607756.1
WP_071906999.1	1394740..1395397	+	Methanobacterium congolense isolate Buetzberg chromosome I-GCF_900095295.1	NZ_LT607756.1
WP_071907000.1	1395687..1396923	-	Methanobacterium congolense isolate Buetzberg chromosome I-GCF_900095295.1	NZ_LT607756.1
WP_071907001.1	1397282..1397906	+	Methanobacterium congolense isolate Buetzberg chromosome I-GCF_900095295.1	NZ_LT607756.1
WP_071907002.1	1397966..1398758	+	Methanobacterium congolense isolate Buetzberg chromosome I-GCF_900095295.1	NZ_LT607756.1
WP_071907003.1	1398914..1400621	-	Methanobacterium congolense isolate Buetzberg chromosome I-GCF_900095295.1	NZ_LT607756.1
WP_071907004.1	1400958..1401945	-	Methanobacterium congolense isolate Buetzberg chromosome I-GCF_900095295.1	NZ_LT607756.1
WP_071907005.1	1401944..1403294	-	Methanobacterium congolense isolate Buetzberg chromosome I-GCF_900095295.1	NZ_LT607756.1
WP_071907006.1	1403290..1404346	-	Methanobacterium congolense isolate Buetzberg chromosome I-GCF_900095295.1	NZ_LT607756.1
===
WP_071907086.1	1469429..1470947	-	Methanobacterium congolense isolate Buetzberg chromosome I-GCF_900095295.1	NZ_LT607756.1
WP_071907087.1	1472038..1472716	-	Methanobacterium congolense isolate Buetzberg chromosome I-GCF_900095295.1	NZ_LT607756.1
WP_071907088.1	1473035..1473407	+	Methanobacterium congolense isolate Buetzberg chromosome I-GCF_900095295.1	NZ_LT607756.1
WP_071907089.1	1473416..1473848	+	Methanobacterium congolense isolate Buetzberg chromosome I-GCF_900095295.1	NZ_LT607756.1
WP_145976024.1	1473911..1474421	+	Methanobacterium congolense isolate Buetzberg chromosome I-GCF_900095295.1	NZ_LT607756.1
WP_071907091.1	1474438..1474831	+	Methanobacterium congolense isolate Buetzberg chromosome I-GCF_900095295.1	NZ_LT607756.1
WP_171899104.1	1474848..1475235	+	Methanobacterium congolense isolate Buetzberg chromosome I-GCF_900095295.1	NZ_LT607756.1
WP_071907093.1	1475527..1476073	+	Methanobacterium congolense isolate Buetzberg chromosome I-GCF_900095295.1	NZ_LT607756.1
WP_171899106.1	1476103..1476598	+	Methanobacterium congolense isolate Buetzberg chromosome I-GCF_900095295.1	NZ_LT607756.1
WP_071907095.1	1476604..1477045	-	Methanobacterium congolense isolate Buetzberg chromosome I-GCF_900095295.1	NZ_LT607756.1
WP_071907096.1	1477179..1477467	-	Methanobacterium congolense isolate Buetzberg chromosome I-GCF_900095295.1	NZ_LT607756.1
WP_071907097.1	1477867..1478455	-	Methanobacterium congolense isolate Buetzberg chromosome I-GCF_900095295.1	NZ_LT607756.1
WP_071907098.1	1478814..1479657	-	Methanobacterium congolense isolate Buetzberg chromosome I-GCF_900095295.1	NZ_LT607756.1
WP_071907099.1	1480160..1480754	+	Methanobacterium congolense isolate Buetzberg chromosome I-GCF_900095295.1	NZ_LT607756.1
WP_231916327.1	1480779..1481697	-	Methanobacterium congolense isolate Buetzberg chromosome I-GCF_900095295.1	NZ_LT607756.1
WP_071907100.1	1481674..1482211	-	Methanobacterium congolense isolate Buetzberg chromosome I-GCF_900095295.1	NZ_LT607756.1
WP_071907101.1	1482409..1484233	+	Methanobacterium congolense isolate Buetzberg chromosome I-GCF_900095295.1	NZ_LT607756.1
WP_071907102.1	1484531..1484819	-	Methanobacterium congolense isolate Buetzberg chromosome I-GCF_900095295.1	NZ_LT607756.1
WP_071907103.1	1485003..1486983	+	Methanobacterium congolense isolate Buetzberg chromosome I-GCF_900095295.1	NZ_LT607756.1
WP_071907104.1	1487457..1487763	-	Methanobacterium congolense isolate Buetzberg chromosome I-GCF_900095295.1	NZ_LT607756.1
WP_071907105.1	1487746..1488130	-	Methanobacterium congolense isolate Buetzberg chromosome I-GCF_900095295.1	NZ_LT607756.1
WP_071907106.1	1488151..1488787	-	Methanobacterium congolense isolate Buetzberg chromosome I-GCF_900095295.1	NZ_LT607756.1
WP_071907107.1	1488800..1489499	-	Methanobacterium congolense isolate Buetzberg chromosome I-GCF_900095295.1	NZ_LT607756.1
WP_071907108.1	1489495..1490878	-	Methanobacterium congolense isolate Buetzberg chromosome I-GCF_900095295.1	NZ_LT607756.1
===
WP_084789951.1	2147052..2148267	-	Methanobacterium congolense isolate Buetzberg chromosome I-GCF_900095295.1	NZ_LT607756.1
WP_071907664.1	2148306..2149131	-	Methanobacterium congolense isolate Buetzberg chromosome I-GCF_900095295.1	NZ_LT607756.1
WP_071907665.1	2149198..2150041	-	Methanobacterium congolense isolate Buetzberg chromosome I-GCF_900095295.1	NZ_LT607756.1
WP_071907666.1	2150201..2151143	-	Methanobacterium congolense isolate Buetzberg chromosome I-GCF_900095295.1	NZ_LT607756.1
WP_071907667.1	2151403..2152210	-	Methanobacterium congolense isolate Buetzberg chromosome I-GCF_900095295.1	NZ_LT607756.1
WP_071907668.1	2152211..2152769	-	Methanobacterium congolense isolate Buetzberg chromosome I-GCF_900095295.1	NZ_LT607756.1
WP_071907669.1	2152780..2153482	-	Methanobacterium congolense isolate Buetzberg chromosome I-GCF_900095295.1	NZ_LT607756.1
WP_071907670.1	2153505..2153988	-	Methanobacterium congolense isolate Buetzberg chromosome I-GCF_900095295.1	NZ_LT607756.1
WP_071907671.1	2154181..2154754	-	Methanobacterium congolense isolate Buetzberg chromosome I-GCF_900095295.1	NZ_LT607756.1
WP_231916358.1	2154972..2155296	-	Methanobacterium congolense isolate Buetzberg chromosome I-GCF_900095295.1	NZ_LT607756.1
WP_071907673.1	2155383..2156406	+	Methanobacterium congolense isolate Buetzberg chromosome I-GCF_900095295.1	NZ_LT607756.1
WP_071907674.1	2156719..2158003	+	Methanobacterium congolense isolate Buetzberg chromosome I-GCF_900095295.1	NZ_LT607756.1
WP_231916359.1	2158257..2159070	+	Methanobacterium congolense isolate Buetzberg chromosome I-GCF_900095295.1	NZ_LT607756.1
WP_071907676.1	2159080..2159404	-	Methanobacterium congolense isolate Buetzberg chromosome I-GCF_900095295.1	NZ_LT607756.1
WP_071907677.1	2159483..2160011	-	Methanobacterium congolense isolate Buetzberg chromosome I-GCF_900095295.1	NZ_LT607756.1
WP_071907678.1	2160164..2160362	-	Methanobacterium congolense isolate Buetzberg chromosome I-GCF_900095295.1	NZ_LT607756.1
WP_171899130.1	2160409..2162695	-	Methanobacterium congolense isolate Buetzberg chromosome I-GCF_900095295.1	NZ_LT607756.1
WP_071907680.1	2163112..2163394	+	Methanobacterium congolense isolate Buetzberg chromosome I-GCF_900095295.1	NZ_LT607756.1
WP_071907681.1	2163632..2163917	+	Methanobacterium congolense isolate Buetzberg chromosome I-GCF_900095295.1	NZ_LT607756.1
WP_071907682.1	2164009..2164666	-	Methanobacterium congolense isolate Buetzberg chromosome I-GCF_900095295.1	NZ_LT607756.1
WP_231916360.1	2164841..2165306	-	Methanobacterium congolense isolate Buetzberg chromosome I-GCF_900095295.1	NZ_LT607756.1
WP_071908079.1	2165420..2166068	+	Methanobacterium congolense isolate Buetzberg chromosome I-GCF_900095295.1	NZ_LT607756.1
WP_071907683.1	2166064..2167285	+	Methanobacterium congolense isolate Buetzberg chromosome I-GCF_900095295.1	NZ_LT607756.1
WP_084789954.1	2167422..2168775	+	Methanobacterium congolense isolate Buetzberg chromosome I-GCF_900095295.1	NZ_LT607756.1
WP_071907684.1	2168774..2171714	+	Methanobacterium congolense isolate Buetzberg chromosome I-GCF_900095295.1	NZ_LT607756.1
